INSERT INTO USER (id, name, surname, email, password, username, profile_picture) VALUES
(1, 'Ponas', 'Bebras', '1@email.com', '{bcrypt}$2y$12$7GqAo8CRAnXRL0xPZS//C.VcrUMKvlv/htwFrEd1YnGQTcGWGAPXG', 'admin', '#'),
(2, 'Useris', 'Pirmasis', '2@email.com', '{bcrypt}$2y$12$4fUdY6AjflJLJ3eNCQSOUeixT9MlC/6jpf6QaNAmnSlGBmYTlbESy','user', '#'),
(3, 'Companis', 'Pirmasis', '3@email.com', '{bcrypt}$2y$12$mZ4Gew7EpxGS8QjiMJxlnuZ7Qe1Uc3HhHi2w3tLav8MQE5nJo7zDG','company', '#');


INSERT INTO ROLE (id, role_name) VALUES
(1, 'ADMIN'),
(2, 'USER'),
(3, 'COMPANY');

INSERT INTO USER_ROLES (user_id, role_id) VALUES
(1, 1),
(1, 2),
(1, 3),
(2, 2),
(3, 3);


INSERT INTO Company (id, registration_code, company_name, address, logo_url)
VALUES (1, 11111, 'iFit', 'Queen str 13, London, UK',
        'https://upload.wikimedia.org/wikipedia/en/5/5b/IFit_logo_Current.jpg'),
       (2, 22222, 'Revolut', 'JFK str 6, New York, USA',
        'https://pbs.twimg.com/profile_images/1252626966836060162/qXAAYQYP.png'),
       (3, 33333, 'DevBridge', 'Word str 7, Word, Wales',
        'https://media-exp1.licdn.com/dms/image/C560BAQH32zNds7mloQ/company-logo_200_200/0?e=2159024400&v=beta&t=H9s6cXo2d5cgIsBpnwD49yAXkbjmTDxqJev2C4n1BjI'),
       (4, 44444, 'Bark', 'Bulldog str 11, London, UK',
        'https://jobs.github.com/rails/active_storage/blobs/eyJfcmFpbHMiOnsibWVzc2FnZSI6IkJBaHBBazJYIiwiZXhwIjpudWxsLCJwdXIiOiJibG9iX2lkIn19--b3a8ac07fa740beac12f8583814bcace4529db42/Bark-Primary-Logo-Black-1.png'),
       (5, 88888, 'Strategic Financial Solutions', 'Sausio 13, Kaunas, Lithuania',
        'https://pbs.twimg.com/profile_images/1218201378050453507/R1g1alxT.jpg');

INSERT INTO POST (id, title, type, description, summary, created_at, location, apply_url, company_url, company_id)
VALUES (1, 'Senior AWS Engineer', 'Remote',
        '<p>SUMMARY</p>\n<p>Looking for an individual who is passionate about learning new things and solving problems. Must possess an extensive and deep understanding of AWS, and the ability to pick up and learn new AWS offerings often. Join us and help our organization practice DevOps methodologies!</p>\n<p>JOB RESPONSIBILITIES</p>\n<ul>\n<li>\n<p>Help architect, design, and implement AWS services at all levels of the organization</p>\n</li>\n<li>\n<p>Work with and enable a large variety of teams and their AWS needs</p>\n</li>\n<li>\n<p>Create and manage infrastructure 100% through CloudFormation and code</p>\n</li>\n<li>\n<p>Focus on scaling our platform</p>\n</li>\n<li>\n<p>Optimize network traffic through various AWS services</p>\n</li>\n<li>\n<p>Monitor and tool stability/performance metrics</p>\n</li>\n<li>\n<p>Analyze DB performance and bottlenecks</p>\n</li>\n<li>\n<p>Share on-call rotation duties</p>\n</li>\n<li>\n<p>Support innovation efforts and identify technology and solution roadmaps to improve mission capabilities</p>\n</li>\n<li>\n<p>Organizational AWS Areas of Focus</p>\n</li>\n<li>\n<p>Security</p>\n</li>\n<li>\n<p>RDS</p>\n</li>\n<li>\n<p>IoT</p>\n</li>\n<li>\n<p>Lambda/API Gateway</p>\n</li>\n<li>\n<p>Containerization (Docker, Beanstalk, ECS)</p>\n</li>\n<li>\n<p>Elemental</p>\n</li>\n<li>\n<p>Business Intelligence (Redshift, QuickSight, Kinesis)</p>\n</li>\n<li>\n<p>Machine Learning (SageMaker, ETL items)</p>\n</li>\n</ul>\n<p>DESIRED QUALIFICATIONS, EDUCATION and/or EXPERIENCE</p>\n<ul>\n<li>\n<p>Passionate about learning new things and solving problems</p>\n</li>\n<li>\n<p>12 or more years of experience in software development and solution architecture</p>\n</li>\n<li>\n<p>Extensive and deep understanding of AWS, and the ability to pick up and learn new AWS offerings often</p>\n</li>\n<li>\n<p>A focus on performance, stability, and security in every task</p>\n</li>\n<li>\n<p>Superior written and communication skills with ability to interface with various groups such as project team, and senior executives</p>\n</li>\n<li>\n<p>Strong capability and extensive experience in developing and writing technical solutions</p>\n</li>\n<li>\n<p>Strong organizational skills and the ability to independently execute work tasks in a rapidly changing, fast-paced environment</p>\n</li>\n</ul>\n<p>Bonus Qualifications</p>\n<ul>\n<li>\n<p>TypeScript and Node experience</p>\n</li>\n<li>\n<p>Postgres/MongoDB/Redis experience</p>\n</li>\n</ul>\n<p>COMPENSATION AND BENEFITS</p>\n<ul>\n<li>\n<p>Highly competitive compensation, including a performance-based bonus.</p>\n</li>\n<li>\n<p>Full benefits package (Medical, HSA, FSA, Dental, Vision and Life insurance)</p>\n</li>\n<li>\n<p>401(k) with company match.</p>\n</li>\n<li>\n<p>A PTO policy that ensures you are able to find a happy work-to-life balance.</p>\n</li>\n<li>\n<p>Access to cutting-edge technology and hardware for work and fitness.</p>\n</li>\n<li>\n<p>Collaborative work space and environment.</p>\n</li>\n</ul>\n<p>ABOUT IFIT</p>\n<p>iFit is group of talented designers, developers, marketers, and sales associates that are part of the larger, 2,500+ ICON Health &amp; Fitness corporation, which also includes NordicTrack, Proform, Freemotion, and multiple other brands.  We have the flexibility and feel of a startup company with the security and benefits you would find in a broader corporate environment.  iFit is comprised of both on site and remote employees. We are headquartered in Logan, UT and you are welcome to work from the office or mostly anywhere else in the US (there are a few exceptions).  We are very experienced and comfortable working in a remote-friendly environment. We currently use Slack, Zoom, and Google to keep our communication alive and engaged!</p>\n<p>Check us out!</p>\n<p><a href=\"https://stackoverflow.com/jobs/companies/ifit\">https://stackoverflow.com/jobs/companies/ifit</a></p>\n<p><a href=\"https://www.ifit.com/aboutus\">https://www.ifit.com/aboutus</a></p>\n',
        'Looking for an individual who is passionate about learning new things and solving problems. ',
        CURRENT_TIMESTAMP(), 'Vilnius', '#', '#', 1),
       (2, 'Mid/Senior Data Engineer', 'Full Time',
        '<p>SUMMARY</p>\n<p>As a Data Engineer, you will take on big data challenges in order to deliver insightful analytics. You will build data pipelines and data models that will empower engineers and analysts to make data-driven decisions and deliver a deep understanding of the business.  Your attention to detail will provide the stakeholders with the highest standard in data integrity.</p>\n<p>JOB RESPONSIBILITIES</p>\n<ul>\n<li>\n<p>Use an analytical, data-driven approach to drive a deep understanding of our business.</p>\n</li>\n<li>\n<p>Build data pipelines and data models that will empower engineers and analysts to make data-driven decisions</p>\n</li>\n<li>\n<p>Build data models to deliver insightful analytics</p>\n</li>\n<li>\n<p>Deliver the highest standard in data integrity</p>\n</li>\n<li>\n<p>Strong analytical skills with ability to analyze and project sales, subscriber, and engagement data. Performs competitive analysis, reviews industry information for current trends and opportunities. Works closely with analytics teams to develop comprehensive analytical reports to enable data-driven decisions to increase engagement and conversions of target customer segments.</p>\n</li>\n</ul>\n<p>DESIRED QUALIFICATIONS, EDUCATION and/or EXPERIENCE</p>\n<ul>\n<li>\n<p>Experience in business intelligence, analytics, or an equivalent analyst position with experience in SQL and an additional object-oriented programming language (e.g., Python, Java).</p>\n</li>\n<li>\n<p>High level of expertise in data modeling.</p>\n</li>\n<li>\n<p>Effective problem solving and analytical skills. Ability to manage multiple projects and report simultaneously across different stakeholders.</p>\n</li>\n<li>\n<p>Structured thinking with ability to easily break down ambiguous problems and propose impactful data modeling designs.</p>\n</li>\n<li>\n<p>Attention to detail and effective verbal/written communication skills.</p>\n</li>\n<li>\n<p>Bachelor’s degree in Engineering, Computer Science, Statistics, Economics, Mathematics, Finance, a related quantitative field, or equivalent practical experience.</p>\n</li>\n<li>\n<p>2-6 years of experience in consulting, business intelligence, analytics, or an equivalent analyst position with experience in SQL and Python.</p>\n</li>\n</ul>\n<p>COMPENSATION AND BENEFITS</p>\n<ul>\n<li>\n<p>Highly competitive compensation, including a performance-based bonus.</p>\n</li>\n<li>\n<p>Full benefits package (Medical, HSA, FSA, Dental, Vision and Life insurance)</p>\n</li>\n<li>\n<p>401(k) with company match.</p>\n</li>\n<li>\n<p>A PTO policy that ensures you are able to find a happy work-to-life balance.</p>\n</li>\n<li>\n<p>Access to cutting-edge technology and hardware for work and fitness.</p>\n</li>\n<li>\n<p>Collaborative work space and environment.</p>\n</li>\n</ul>\n<p>ABOUT IFIT</p>\n<p>iFit is group of talented designers, developers, marketers, and sales associates that are part of the larger, 2,500+ ICON Health &amp; Fitness corporation, which also includes NordicTrack, Proform, Freemotion, and multiple other brands. We have the flexibility and feel of a startup company with the security and benefits you would find in a broader corporate environment. iFit is comprised of both on site and remote employees. We are headquartered in Logan, UT and you are welcome to work from the office or mostly anywhere else in the US (there are a few exceptions).  We are very experienced and comfortable working in a remote-friendly environment. We currently use Slack, Zoom, and Google to keep our communication alive and engaged!</p>\n<p>Check us out!\n<a href=\"https://stackoverflow.com/jobs/companies/ifit\">https://stackoverflow.com/jobs/companies/ifit</a></p>\n<p><a href=\"https://www.ifit.com/aboutus\">https://www.ifit.com/aboutus</a></p>\n',
        'Looking for an individual who is passionate about learning new things and solving problems. ',
        CURRENT_TIMESTAMP(), 'Kaunas', '#', '#', 1),
       (3, 'Junior Implementation Developer', 'Part Time',
        '<h1>The Company</h1>\n<p>Revolut are revolutionising space technology and opening up the cosmos to everyone. Our simple, affordable satellite missions give organisations the chance to use space technology as a tool to get your ideas into orbit. Our mission is to make the leaps in space that become the leaps on Earth.</p>\n<h1>The People</h1>\n<p>Compiled of 50+ people from over 15 nationalities, we have a culturally diverse workforce full of Engineers, Software Developers, Business developers and Mission Managers! Beyond the office, we have bakers, long distance runners, climbers, rowers, golfers and mixed martial artists!</p>\n<h1>The Vision</h1>\n<p>By making space data more accessible and affordable, we want to be the platform that allows applicable solutions to be the prevention, not the cure.  When tragedy strikes, Earth Observation satellites can be used to detect where resources would be most effective and map out the scale of damage to help decision makers rebuild</p>\n<h1>Description of the Position</h1>\n<p>You will be joining the Open Cosmos software development team where you will be responsible for designing, implementing, testing, delivering and maintaining several of the software modules of one of our core products: OpenApp Mission Control Software. A satellite constellation control software that is used by internal operators and external customers alike, to operate the constellation of multi-customer, multi-satellite  and multi-ground station missions.</p>\n<p>Our product is a cloud-native web-based application built with modern technologies (microservices, kubernetes, golang, etc). We work using a DevOps and Agile methodology, where we combine frequent iteration cycles with the responsibility of keeping the application operative. </p>\n<p>This is a unique opportunity within the industry as most mission control softwares for satellites are built with the waterfall methodology and monolithic approaches. We encourage applicants who only have experience in satellite ground segments as well as applicants who only have experience in microservices backends to apply.</p>\n<p>Moving forward we will face many challenges that you might help resolve, ranging from new modules such as a scripting solution to allow automation in operations; improve architecture to seemingly support different satellite platforms; increase observability and tracing; or multi-cloud deployments among many others, you will find a project that suits your interests.</p>\n<h1>Tasks and responsibilities  </h1>\n<ul>\n<li>Participate in software architecture design</li>\n<li>Lead the design and implementation of new back-end modules</li>\n<li>Help build and maintain reliable CI/CD with automated testing</li>\n<li>Work with our satellite operators to improve their user experience</li>\n<li>Input to the technical roadmap</li>\n</ul>\n<h1>Skills, attitude and experience  </h1>\n<ul>\n<li>Experience in at least one of the following:</li>\n<li>Experience in microservices-based back-end development with Golang.</li>\n<li>Experience and knowledge of common ground segment and space standards such as CCSDS, ECSS, CSP, Space Packets, etc.</li>\n<li>Experience in integrating development operations &amp; developer experience tools</li>\n<li>Commitment and a proactive attitude, always seek continuous improvement</li>\n<li>Quick to learn and coach others, excited to learn new technologies</li>\n<li>Be a teamplayer, always speak your mind honestly and respectfully when there is a problem to solve, so that the team discussion is healthy and productive</li>\n<li>Constantly try to strike a good balance in determining what to build depending on the current context and the company''s mission and long term goals</li>\n</ul>\n<h1>Nice to have </h1>\n<ul>\n<li>Experience working with Kubernetes and GKE would be highly valued</li>\n<li>Experience with space systems</li>\n<li>Experience with space links, encoding and modulation</li>\n<li>Experience maintaining and managing SQL databases</li>\n<li>Knowledge of tools such as GitLab CI/CD, HTTP REST, RabbitMQ, GRPC, Terraform, Unix Command Line, Bash scripting and build systems</li>\n</ul>\n<h1>You will enjoy</h1>\n<ul>\n<li>Working with a team of passionate people to help solve the world''s biggest challenges</li>\n<li>Working at one of the world’s leading space campuses</li>\n<li>25 days holidays + 8 bank holidays</li>\n<li>Attractive Pension Scheme &amp; Immediate enrolment</li>\n<li>Social clubs organised by the team</li>\n<li>Remote working and Home working as per company policy</li>\n<li>Annual Salary Review</li>\n</ul>\n<h1>Open Cosmos in the media</h1>\n<ul>\n<li>Our Website - <a href=\"https://www.open-cosmos.com/\">https://www.open-cosmos.com/</a>\n</li>\n<li>Facebook - <a href=\"https://www.facebook.com/open.cosmos.space\">https://www.facebook.com/open.cosmos.space</a>\n</li>\n<li>Linkedin - <a href=\"https://www.linkedin.com/company/opencosmos\">https://www.linkedin.com/company/opencosmos</a>\n</li>\n<li>Twitter - <a href=\"https://twitter.com/open_cosmos\">https://twitter.com/open_cosmos</a>\n</li>\n</ul>\n',
        'Looking for an individual who is passionate about learning new things and solving problems. ',
        CURRENT_TIMESTAMP(),
        'Vilnius', '#', '#', 2),
       (4, 'Senior full-stack developer', 'Full Time',
        '<p>We looking for a senior developer who excels in working full-stack, but can bring their distinctive skills to our team, whether that''s someone who loves writing tests or has a flair for game or UX design. Whatever you do, we need you to have top-notch JScript and C#.</p>\n<p>Our mission is to make it easy for teachers to create interactive games and worksheets for their students. Our site automates the process of resource design, so teachers can simply enter the content that is appropriate for their class – a list of keywords, definitions, questions or images. Wordwall produces the content in over 60 different templates; for example, gameshow quizzes, crosswords, labelled diagrams and arcade games. It seeks to disrupt the publisher-driven model of paid-for “professionally” made educational content, by putting high-quality content creation in the hands of teachers and making that teacher-made content, freely accessible through our online community.</p>\n<p>We are a small team with big ambitions, who work remotely across the world. Our 15 million monthly users are rapidly proliferating. We’ve got a product that works and we’re building for the long-term. We want people who want to stick around, grow with us and help make games-based learning accessible to all.</p>\n<p>Technologies we use: HTML5, CSS, Javascript, Canvas API, WebAudio API, C#, ASP.NET MVC, MS-SQL, Azure, Selenium, TeamCity CD</p>\n<p>We are an equal opportunities employer. We support flexible working arrangements - full or part time.</p>\n<p>Real applicants only - please do not contact us if you represent an agency.</p>\n',
        'Looking for an individual who is passionate about learning new things and solving problems. ',
        CURRENT_TIMESTAMP(),
        'Vilnius', '#', '#', 3),
       (5, 'Senior Backend Engineer', 'Internship',
        '<p><strong>Senior Backend Engineer</strong></p>\n<p><strong>About the role</strong></p>\n<p>We are looking for a Senior Engineer to join our new backend services team. You’ll become a core part of a small, dynamic team that is breaking new ground: researching, designing and implementing the future technology at Bark. You’ll be someone who loves innovating and problem solving, and gets a kick out of making systems work efficiently at a continuously-increasing large scale.</p>\n<p>Our current back-end technology stack is written in Python and you will need to be able to work within this codebase - but we are at the start of a journey, and your experience will help to shape our technology strategy, adapting our architecture as we grow.</p>\n<p>You’ll get the opportunity to utilise a variety of technologies to pave the future of Bark whilst enhancing how we solve complex online problems in cutting-edge areas such as search, classification and core marketplace services. You’ll be involved in every aspect of the process: idea generation, business analysis, technical and architectural design through to implementation.</p>\n<p>Some of our benefits:</p>\n<ul>\n<li>Competitive salary.</li>\n<li>Share options in a rapidly growing company, whose founders have a proven track record of successful exits.</li>\n<li>Private gym, just for Bark employees.</li>\n<li>Private health insurance.</li>\n<li>Monthly socials and massive parties.</li>\n<li>Fully stocked kitchen and weekly team lunches.</li>\n</ul>\n<p><strong>Responsibilities:</strong></p>\n<ul>\n<li>Work with development teams and product managers to conceptualise and implement software solutions.</li>\n<li>Build elegant and performant APIs</li>\n<li>Develop and manage well-functioning databases and applications.</li>\n<li>Proactively propose and implement improvements to the codebase.</li>\n<li>Design and code solutions for systems with 1000s of transactions a second.</li>\n<li>Work with our data insights team to transform the TBs of data we have, into insights we can use to revolutionise the product.</li>\n</ul>\n<p><strong>Required skills and experience:</strong></p>\n<ul>\n<li>Using Python in a production environment.</li>\n<li>Defining, implementing and testing APIs.</li>\n<li>Understand SOLID principles.</li>\n<li>Integrating with 3rd party APIs, including OAuth flows and similar.</li>\n<li>Production MySQL experience; strong SQL skills.</li>\n<li>Using Docker in production, ideally with Kubernetes or Fargate/ECS/EKS.</li>\n<li>Experience building, maintaining, testing and documenting APIs to be used by other developers both internally and externally.</li>\n<li>Strong organisational skills.</li>\n<li>Analytical mindset with numerical aptitude.</li>\n<li>Ability to achieve goals in a highly innovative and fast paced environment.</li>\n</ul>\n<p><strong>Desired skills and experience:</strong></p>\n<ul>\n<li>Familiarity with the AWS ecosystem. Knowledge of SQS (or similar such as RabbitMQ), SNS (or Kafka), and how they are used.</li>\n<li>Knowledge of Apache Airflow, Spark, Hadoop and other data toolkits.</li>\n<li>Experience with other data stores like Elastic, MongoDB or similar.</li>\n<li>Interest in machine learning topics such as logistic regression, nlp and others.</li>\n<li>PHP experience with a framework (Laravel, Symfony, Zend, CakePHP etc) would be a bonus, but not essential.</li>\n</ul>\n<p><strong>What our devs say...</strong>\n<strong>Henry, Tech Team Lead</strong> - <em>“It’s an exciting time to join Bark in many ways but especially from a tech point of view, because we’re at the beginning of the biggest architectural transition in the company''s history. As we transition from a startup to a much larger company, we need to upgrade our stack from a few monolith systems, to much more scalable, maintainable, decoupled services.”</em></p>\n<p><strong>George, Developer</strong> - <em>“Working so closely with the product and design teams gives me an opportunity to get involved in the product from the earliest stage. Each week we build a new experiment which is a true collaboration of the ideas from everyone in the group. Due to the scale of Bark as a business, it’s also hugely rewarding to see that the work we produce can make a massive impact, by generating millions of pounds in annualised revenue.”</em></p>\n<p><strong>Tom, Senior Product Designer</strong> - <em>“There''s a real sense of camaraderie across the company. The tech side of the business is really exciting at the moment – we broke into different teams and the effect is phenomenal. Never a dull moment, and feels like we''re making real measurable change to the product for our users!”</em></p>\n<p><em>Agency calls are not appreciated.</em>!</p>\n',
        'Looking for an individual who is passionate about learning new things and solving problems. ',
        CURRENT_TIMESTAMP(),
        'Klaipėda', '#', '#', 4),
       (6, 'Mid Node.js Developer', 'Full Time',
        '<p>Overview</p>\n<p>Would you enjoy helping our team to work smarter and not harder by infusing technology into our processes?  Do you like working in an environment where people genuinely like each other and look forward celebrating key wins and successes? Do you long for a high growth, decisive, fast-decision-making culture? If so, please read on!</p>\n<p>Strategic Financial Solutions is a mid market financial services company that is diversifying through our new Interactive Products group.  You will have the opportunity to work in a small team building a cutting edge digital product focusing on financial wellness.  Join Strategic and help us build a business that will positively impact the financial journey of millions of Americans.</p>\n<p>We’re looking for a Node.js developer who takes pride in their code and loves proactively solving challenges. You’ll be building a new application entirely served out of a storage blob; but supporting dynamic personalization and access control via AWS AppSync and AWS Cognito along with integrating a new ML based recommendation. Working in a small team with one other React developer, a tech lead and a product manager, you will launch a new cutting-edge product in 2021.</p>\n<p>Responsibilities</p>\n<p>Technologies:\nOn a day to day basis you will be coding in javascript and leveraging the following technologies:</p>\n<p>GraphQL</p>\n<p>AWS AppSync</p>\n<p>AWS DynamoDB</p>\n<p>AWS Lambda Functions</p>\n<p>AWS Resolvers</p>\n<p>AWS Cognito Pools</p>\n<p>AWS S3</p>\n<p>Tools we use\nWe use VS Code, Visual Studio, GitHub, and PostMan, Azure, AWS. For managing our work we use Jira Kanban boards along with Confluence for documentation and for CI/CD we leverage GitHub Actions. We also use Slack and Zoom for video conferencing.</p>\n<p>Qualifications:</p>\n<p>NodeJs</p>\n<p>NoSQL (Dynamo, MongoDB)</p>\n<p>Experiences with JSON</p>\n<p>Experiences with cloud-based applications</p>\n<p>Experiences with CI / CD</p>\n<p>Nice to Have</p>\n<p>Experience with front end framework like Gatsby, or ReactJs</p>\n<p>Experience with GitHub Actions</p>\n<p>Experienced with AWS technologies (Lambda Functions, DynamoDB, S3 etc.)</p>\n<p>Experienced with event-driven design, TDD (Test-Driven Design) or DDD (Domain-Driven Design)</p>\n<p>GraphQL</p>\n<p>Microservices</p>\n<p>You:</p>\n<p>Passion for learning</p>\n<p>Bachelor’s degree in Computer Science or equivalent experience</p>\n<p>1+ years of experience building apps with above technology stacks</p>\n<p>Self-starter and self-motivated</p>\n<p>A great collaborator who enjoys helping other developers</p>\n<p>About Strategic:</p>\n<p>Strategic Financial Solutions is a leading consumer finance company that specializes in helping people that have too much credit card debt. We were recently named the 21st Best Company to Work for in New York by Best Companies to Work For and have been certified as a Great Place to Work 4 times.  Additional honors include being named, two times, as one of the 50 fastest growing companies in New York City and to the prestigious Inc. 500 list as one of the 500 fastest growing companies in the United States.</p>\n<p>Strategic is committed to hiring, training, cultivating, promoting, and celebrating an environment where we have a welcoming and fulfilling place for all people to call home. Diversity of race, thought, sexual orientation, age, veteran status, religion, and disability will empower us to thrive as individuals, as teams, and as a company.</p>\n',
        'Looking for an individual who is passionate about learning new things and solving problems. ',
        CURRENT_TIMESTAMP(),
        'Vilnius', '#', '#', 5),
       (7, 'Mid Node.js Developer', 'Full Time',
        '<p>Overview</p>\n<p>Would you enjoy helping our team to work smarter and not harder by infusing technology into our processes?  Do you like working in an environment where people genuinely like each other and look forward celebrating key wins and successes? Do you long for a high growth, decisive, fast-decision-making culture? If so, please read on!</p>\n<p>Strategic Financial Solutions is a mid market financial services company that is diversifying through our new Interactive Products group.  You will have the opportunity to work in a small team building a cutting edge digital product focusing on financial wellness.  Join Strategic and help us build a business that will positively impact the financial journey of millions of Americans.</p>\n<p>We’re looking for a Node.js developer who takes pride in their code and loves proactively solving challenges. You’ll be building a new application entirely served out of a storage blob; but supporting dynamic personalization and access control via AWS AppSync and AWS Cognito along with integrating a new ML based recommendation. Working in a small team with one other React developer, a tech lead and a product manager, you will launch a new cutting-edge product in 2021.</p>\n<p>Responsibilities</p>\n<p>Technologies:\nOn a day to day basis you will be coding in javascript and leveraging the following technologies:</p>\n<p>GraphQL</p>\n<p>AWS AppSync</p>\n<p>AWS DynamoDB</p>\n<p>AWS Lambda Functions</p>\n<p>AWS Resolvers</p>\n<p>AWS Cognito Pools</p>\n<p>AWS S3</p>\n<p>Tools we use\nWe use VS Code, Visual Studio, GitHub, and PostMan, Azure, AWS. For managing our work we use Jira Kanban boards along with Confluence for documentation and for CI/CD we leverage GitHub Actions. We also use Slack and Zoom for video conferencing.</p>\n<p>Qualifications:</p>\n<p>NodeJs</p>\n<p>NoSQL (Dynamo, MongoDB)</p>\n<p>Experiences with JSON</p>\n<p>Experiences with cloud-based applications</p>\n<p>Experiences with CI / CD</p>\n<p>Nice to Have</p>\n<p>Experience with front end framework like Gatsby, or ReactJs</p>\n<p>Experience with GitHub Actions</p>\n<p>Experienced with AWS technologies (Lambda Functions, DynamoDB, S3 etc.)</p>\n<p>Experienced with event-driven design, TDD (Test-Driven Design) or DDD (Domain-Driven Design)</p>\n<p>GraphQL</p>\n<p>Microservices</p>\n<p>You:</p>\n<p>Passion for learning</p>\n<p>Bachelor’s degree in Computer Science or equivalent experience</p>\n<p>1+ years of experience building apps with above technology stacks</p>\n<p>Self-starter and self-motivated</p>\n<p>A great collaborator who enjoys helping other developers</p>\n<p>About Strategic:</p>\n<p>Strategic Financial Solutions is a leading consumer finance company that specializes in helping people that have too much credit card debt. We were recently named the 21st Best Company to Work for in New York by Best Companies to Work For and have been certified as a Great Place to Work 4 times.  Additional honors include being named, two times, as one of the 50 fastest growing companies in New York City and to the prestigious Inc. 500 list as one of the 500 fastest growing companies in the United States.</p>\n<p>Strategic is committed to hiring, training, cultivating, promoting, and celebrating an environment where we have a welcoming and fulfilling place for all people to call home. Diversity of race, thought, sexual orientation, age, veteran status, religion, and disability will empower us to thrive as individuals, as teams, and as a company.</p>\n',
        'Looking for an individual who is passionate about learning new things and solving problems. ',
        CURRENT_TIMESTAMP(),
        'Vilnius', '#', '#', 5),
       (8, 'Mid Node.js Developer', 'Full Time',
        '<p>Overview</p>\n<p>Would you enjoy helping our team to work smarter and not harder by infusing technology into our processes?  Do you like working in an environment where people genuinely like each other and look forward celebrating key wins and successes? Do you long for a high growth, decisive, fast-decision-making culture? If so, please read on!</p>\n<p>Strategic Financial Solutions is a mid market financial services company that is diversifying through our new Interactive Products group.  You will have the opportunity to work in a small team building a cutting edge digital product focusing on financial wellness.  Join Strategic and help us build a business that will positively impact the financial journey of millions of Americans.</p>\n<p>We’re looking for a Node.js developer who takes pride in their code and loves proactively solving challenges. You’ll be building a new application entirely served out of a storage blob; but supporting dynamic personalization and access control via AWS AppSync and AWS Cognito along with integrating a new ML based recommendation. Working in a small team with one other React developer, a tech lead and a product manager, you will launch a new cutting-edge product in 2021.</p>\n<p>Responsibilities</p>\n<p>Technologies:\nOn a day to day basis you will be coding in javascript and leveraging the following technologies:</p>\n<p>GraphQL</p>\n<p>AWS AppSync</p>\n<p>AWS DynamoDB</p>\n<p>AWS Lambda Functions</p>\n<p>AWS Resolvers</p>\n<p>AWS Cognito Pools</p>\n<p>AWS S3</p>\n<p>Tools we use\nWe use VS Code, Visual Studio, GitHub, and PostMan, Azure, AWS. For managing our work we use Jira Kanban boards along with Confluence for documentation and for CI/CD we leverage GitHub Actions. We also use Slack and Zoom for video conferencing.</p>\n<p>Qualifications:</p>\n<p>NodeJs</p>\n<p>NoSQL (Dynamo, MongoDB)</p>\n<p>Experiences with JSON</p>\n<p>Experiences with cloud-based applications</p>\n<p>Experiences with CI / CD</p>\n<p>Nice to Have</p>\n<p>Experience with front end framework like Gatsby, or ReactJs</p>\n<p>Experience with GitHub Actions</p>\n<p>Experienced with AWS technologies (Lambda Functions, DynamoDB, S3 etc.)</p>\n<p>Experienced with event-driven design, TDD (Test-Driven Design) or DDD (Domain-Driven Design)</p>\n<p>GraphQL</p>\n<p>Microservices</p>\n<p>You:</p>\n<p>Passion for learning</p>\n<p>Bachelor’s degree in Computer Science or equivalent experience</p>\n<p>1+ years of experience building apps with above technology stacks</p>\n<p>Self-starter and self-motivated</p>\n<p>A great collaborator who enjoys helping other developers</p>\n<p>About Strategic:</p>\n<p>Strategic Financial Solutions is a leading consumer finance company that specializes in helping people that have too much credit card debt. We were recently named the 21st Best Company to Work for in New York by Best Companies to Work For and have been certified as a Great Place to Work 4 times.  Additional honors include being named, two times, as one of the 50 fastest growing companies in New York City and to the prestigious Inc. 500 list as one of the 500 fastest growing companies in the United States.</p>\n<p>Strategic is committed to hiring, training, cultivating, promoting, and celebrating an environment where we have a welcoming and fulfilling place for all people to call home. Diversity of race, thought, sexual orientation, age, veteran status, religion, and disability will empower us to thrive as individuals, as teams, and as a company.</p>\n',
        'Looking for an individual who is passionate about learning new things and solving problems. ',
        CURRENT_TIMESTAMP(),
        'Vilnius', '#', '#', 5),
       (9, 'Mid Node.js Developer', 'Full Time',
        '<p>Overview</p>\n<p>Would you enjoy helping our team to work smarter and not harder by infusing technology into our processes?  Do you like working in an environment where people genuinely like each other and look forward celebrating key wins and successes? Do you long for a high growth, decisive, fast-decision-making culture? If so, please read on!</p>\n<p>Strategic Financial Solutions is a mid market financial services company that is diversifying through our new Interactive Products group.  You will have the opportunity to work in a small team building a cutting edge digital product focusing on financial wellness.  Join Strategic and help us build a business that will positively impact the financial journey of millions of Americans.</p>\n<p>We’re looking for a Node.js developer who takes pride in their code and loves proactively solving challenges. You’ll be building a new application entirely served out of a storage blob; but supporting dynamic personalization and access control via AWS AppSync and AWS Cognito along with integrating a new ML based recommendation. Working in a small team with one other React developer, a tech lead and a product manager, you will launch a new cutting-edge product in 2021.</p>\n<p>Responsibilities</p>\n<p>Technologies:\nOn a day to day basis you will be coding in javascript and leveraging the following technologies:</p>\n<p>GraphQL</p>\n<p>AWS AppSync</p>\n<p>AWS DynamoDB</p>\n<p>AWS Lambda Functions</p>\n<p>AWS Resolvers</p>\n<p>AWS Cognito Pools</p>\n<p>AWS S3</p>\n<p>Tools we use\nWe use VS Code, Visual Studio, GitHub, and PostMan, Azure, AWS. For managing our work we use Jira Kanban boards along with Confluence for documentation and for CI/CD we leverage GitHub Actions. We also use Slack and Zoom for video conferencing.</p>\n<p>Qualifications:</p>\n<p>NodeJs</p>\n<p>NoSQL (Dynamo, MongoDB)</p>\n<p>Experiences with JSON</p>\n<p>Experiences with cloud-based applications</p>\n<p>Experiences with CI / CD</p>\n<p>Nice to Have</p>\n<p>Experience with front end framework like Gatsby, or ReactJs</p>\n<p>Experience with GitHub Actions</p>\n<p>Experienced with AWS technologies (Lambda Functions, DynamoDB, S3 etc.)</p>\n<p>Experienced with event-driven design, TDD (Test-Driven Design) or DDD (Domain-Driven Design)</p>\n<p>GraphQL</p>\n<p>Microservices</p>\n<p>You:</p>\n<p>Passion for learning</p>\n<p>Bachelor’s degree in Computer Science or equivalent experience</p>\n<p>1+ years of experience building apps with above technology stacks</p>\n<p>Self-starter and self-motivated</p>\n<p>A great collaborator who enjoys helping other developers</p>\n<p>About Strategic:</p>\n<p>Strategic Financial Solutions is a leading consumer finance company that specializes in helping people that have too much credit card debt. We were recently named the 21st Best Company to Work for in New York by Best Companies to Work For and have been certified as a Great Place to Work 4 times.  Additional honors include being named, two times, as one of the 50 fastest growing companies in New York City and to the prestigious Inc. 500 list as one of the 500 fastest growing companies in the United States.</p>\n<p>Strategic is committed to hiring, training, cultivating, promoting, and celebrating an environment where we have a welcoming and fulfilling place for all people to call home. Diversity of race, thought, sexual orientation, age, veteran status, religion, and disability will empower us to thrive as individuals, as teams, and as a company.</p>\n',
        'Looking for an individual who is passionate about learning new things and solving problems. ',
        CURRENT_TIMESTAMP(),
        'Vilnius', '#', '#', 5);
